sale_id,customer_id,store_id,product_id,promotion_id,quantity,sale_price,sale_date
1,176,10,17,NULL,1,51499.00,2024-11-20
2,384,7,12,NULL,1,1199.00,2024-08-06
3,745,10,31,NULL,5,694.00,2024-08-24
4,659,13,29,NULL,3,14750.00,2024-11-30
5,561,11,17,NULL,3,51499.00,2024-10-18
6,390,17,9,NULL,7,250.00,2024-01-22
7,41,7,10,NULL,2,300.00,2024-05-14
8,514,5,19,NULL,1,132999.00,2024-09-08
9,248,2,22,NULL,4,3995.00,2024-06-21
10,478,2,34,NULL,3,899.50,2024-01-05
11,753,3,8,NULL,9,100.00,2024-09-07
12,200,11,26,NULL,2,11750.00,2024-10-30
13,724,22,12,NULL,3,1199.00,2024-09-30
14,159,4,12,NULL,1,1199.00,2024-12-26
15,325,11,13,NULL,3,1844.00,2024-02-25
16,807,12,38,NULL,4,1600.00,2024-04-20
17,500,11,31,NULL,5,694.00,2024-06-12
18,411,5,32,NULL,1,300.00,2024-04-22
19,13,13,19,NULL,3,132999.00,2024-11-13
20,947,1,8,NULL,10,100.00,2024-11-27
21,165,22,40,1,1,1120.00,2024-03-13
22,741,12,12,NULL,2,1199.00,2024-11-17
23,174,5,16,NULL,3,34999.00,2024-06-04
24,447,10,26,NULL,2,11750.00,2024-01-13
25,104,20,27,NULL,3,5900.00,2024-11-18
26,600,16,19,NULL,2,132999.00,2024-05-10
27,904,9,39,NULL,1,3250.00,2024-10-20
28,222,18,1,NULL,1,340.00,2024-10-22
29,744,15,35,3,4,862.50,2024-06-17
30,154,16,32,NULL,3,300.00,2024-12-20
31,559,8,37,NULL,1,1700.00,2024-07-31
32,203,11,25,NULL,5,10000.00,2024-09-26
33,973,9,35,1,4,920.00,2024-04-02
34,593,23,40,NULL,2,1400.00,2024-01-25
35,680,7,13,NULL,3,1844.00,2024-10-08
36,167,4,10,NULL,1,300.00,2024-10-04
37,97,7,40,1,1,1120.00,2024-03-13
38,443,5,26,NULL,1,11750.00,2024-08-05
39,534,12,33,NULL,3,1349.50,2024-07-25
40,415,20,32,NULL,2,300.00,2024-07-10
41,704,18,26,NULL,5,11750.00,2024-12-14
42,345,5,40,1,3,1120.00,2024-04-10
43,398,16,4,NULL,1,450.00,2024-06-15
44,739,16,38,NULL,1,1600.00,2024-10-15
45,327,6,4,NULL,9,450.00,2024-10-30
46,819,13,4,NULL,6,450.00,2024-12-17
47,627,16,11,NULL,2,899.00,2024-06-08
48,626,24,39,NULL,3,3250.00,2024-11-15
49,869,21,27,NULL,5,5900.00,2024-10-07
50,871,21,26,NULL,2,11750.00,2024-08-17
51,291,18,35,NULL,4,1150.00,2024-01-22
52,404,21,6,NULL,10,2862.50,2024-01-26
53,513,18,5,NULL,5,585.00,2024-05-07
54,44,24,29,NULL,1,14750.00,2024-08-17
55,220,1,22,NULL,1,3995.00,2024-07-12
56,703,9,24,NULL,4,8750.00,2024-11-27
57,183,14,13,NULL,1,1844.00,2024-11-02
58,779,3,11,NULL,3,899.00,2024-12-05
59,542,3,39,NULL,2,3250.00,2024-06-04
60,41,10,38,NULL,2,1600.00,2024-06-07
61,527,13,5,NULL,3,585.00,2024-12-01
62,603,5,8,NULL,1,100.00,2024-04-26
63,247,3,34,NULL,4,899.50,2024-11-01
64,825,3,6,NULL,4,2862.50,2024-05-07
65,501,14,16,NULL,3,34999.00,2024-03-06
66,224,21,26,NULL,1,11750.00,2024-08-02
67,378,20,36,NULL,4,2000.00,2024-01-21
68,840,10,18,NULL,3,110000.00,2024-01-06
69,778,15,25,NULL,5,10000.00,2024-05-08
70,338,2,11,NULL,3,899.00,2024-02-18
71,17,11,6,NULL,3,2862.50,2024-05-03
72,484,13,7,1,6,1480.00,2024-03-12
73,39,15,40,NULL,2,1400.00,2024-01-12
74,32,12,13,NULL,3,1844.00,2024-02-22
75,364,14,26,NULL,4,11750.00,2024-07-05
76,773,22,5,NULL,1,585.00,2024-11-18
77,753,13,16,NULL,2,34999.00,2024-04-23
78,123,10,22,NULL,2,3995.00,2024-07-30
79,544,23,5,NULL,4,585.00,2024-09-24
80,348,20,2,NULL,5,310.00,2024-09-14
81,55,24,28,NULL,4,4750.00,2024-07-14
82,438,9,20,NULL,2,363599.00,2024-05-19
83,16,19,35,NULL,1,1150.00,2024-12-04
84,542,13,39,2,3,2275.00,2024-04-12
85,664,20,4,NULL,6,450.00,2024-12-20
86,81,15,33,1,4,1079.60,2024-03-29
87,92,5,23,NULL,1,7000.00,2024-05-05
88,17,2,9,NULL,10,250.00,2024-12-02
89,6,5,33,NULL,4,1349.50,2024-08-13
90,196,4,7,NULL,5,1850.00,2024-05-25
91,212,15,18,NULL,2,110000.00,2024-04-30
92,709,13,21,NULL,2,2500.00,2024-12-18
93,562,23,1,1,1,272.00,2024-03-20
94,669,4,31,NULL,2,694.00,2024-04-29
95,848,4,7,NULL,4,1850.00,2024-05-14
96,739,15,29,NULL,1,14750.00,2024-11-03
97,660,5,40,NULL,4,1400.00,2024-04-26
98,303,14,36,NULL,1,2000.00,2024-10-02
99,267,1,13,NULL,2,1844.00,2024-06-14
100,421,1,37,NULL,3,1700.00,2024-06-06
101,868,2,25,NULL,5,10000.00,2024-12-21
102,41,6,1,NULL,1,340.00,2024-06-06
103,137,11,29,NULL,3,14750.00,2024-04-23
104,78,5,28,NULL,2,4750.00,2024-11-10
105,667,15,38,NULL,5,1600.00,2024-12-06
106,403,12,11,NULL,2,899.00,2024-11-16
107,184,6,25,NULL,5,10000.00,2024-04-29
108,108,3,5,1,1,468.00,2024-04-07
109,292,10,7,NULL,3,1850.00,2024-07-15
110,571,4,1,NULL,10,340.00,2024-08-01
111,784,5,26,NULL,2,11750.00,2024-08-18
112,178,6,29,NULL,4,14750.00,2024-10-12
113,613,17,25,NULL,1,10000.00,2024-12-30
114,698,2,12,1,1,959.20,2024-03-15
115,191,12,32,NULL,1,300.00,2024-06-26
116,971,15,4,NULL,10,450.00,2024-08-25
117,919,17,25,NULL,2,10000.00,2024-01-18
118,829,24,14,NULL,3,2184.00,2024-09-28
119,416,22,10,NULL,8,300.00,2024-06-25
120,88,8,14,NULL,2,2184.00,2024-09-13
121,456,18,14,NULL,2,2184.00,2024-06-25
122,499,8,5,4,8,503.10,2024-08-16
123,963,13,28,NULL,1,4750.00,2024-11-03
124,370,8,18,1,1,88000.00,2024-04-08
125,326,14,31,NULL,3,694.00,2024-03-06
126,461,13,6,NULL,5,2862.50,2024-02-29
127,571,15,15,NULL,3,21499.00,2024-01-03
128,562,2,25,NULL,3,10000.00,2024-11-19
129,271,15,8,NULL,2,100.00,2024-02-19
130,192,15,17,2,1,36049.30,2024-04-12
131,925,4,3,NULL,8,1700.00,2024-10-11
132,275,6,9,NULL,8,250.00,2024-06-26
133,345,11,7,NULL,2,1850.00,2024-07-13
134,150,8,2,NULL,6,310.00,2024-05-03
135,728,24,32,NULL,1,300.00,2024-11-26
136,220,14,3,NULL,2,1700.00,2024-08-30
137,705,3,17,NULL,3,51499.00,2024-10-20
138,242,1,16,NULL,1,34999.00,2024-11-16
139,419,12,4,NULL,8,450.00,2024-01-03
140,937,8,29,NULL,2,14750.00,2024-09-10
141,404,4,18,NULL,3,110000.00,2024-10-23
142,216,22,32,NULL,2,300.00,2024-04-29
143,226,10,14,NULL,1,2184.00,2024-06-08
144,678,20,38,NULL,5,1600.00,2024-05-09
145,568,2,24,NULL,1,8750.00,2024-10-13
146,339,7,16,NULL,1,34999.00,2024-02-04
147,286,12,23,NULL,1,7000.00,2024-05-11
148,475,1,31,NULL,3,694.00,2024-10-03
149,2,16,10,1,5,240.00,2024-03-27
150,662,22,18,NULL,1,110000.00,2024-07-04
151,668,16,6,NULL,7,2862.50,2024-10-20
152,596,5,4,NULL,3,450.00,2024-11-24
153,489,18,9,NULL,5,250.00,2024-10-27
154,981,11,10,NULL,9,300.00,2024-12-03
155,599,9,3,1,9,1360.00,2024-03-17
156,602,12,23,NULL,1,7000.00,2024-05-05
157,291,7,18,NULL,2,110000.00,2024-05-15
158,715,22,10,NULL,1,300.00,2024-07-18
159,471,7,2,NULL,5,310.00,2024-04-25
160,365,11,4,NULL,5,450.00,2024-02-18
161,618,22,22,NULL,4,3995.00,2024-01-16
162,895,16,25,NULL,3,10000.00,2024-01-29
163,528,24,14,NULL,2,2184.00,2024-09-19
164,784,4,18,NULL,1,110000.00,2024-09-01
165,294,7,23,NULL,5,7000.00,2024-12-02
166,862,13,5,NULL,4,585.00,2024-12-06
167,825,4,12,NULL,1,1199.00,2024-01-13
168,235,9,7,NULL,10,1850.00,2024-09-07
169,667,12,20,NULL,2,363599.00,2024-12-25
170,158,13,7,NULL,5,1850.00,2024-03-07
171,726,7,7,NULL,6,1850.00,2024-12-31
172,576,9,38,NULL,4,1600.00,2024-09-14
173,358,17,19,NULL,2,132999.00,2024-03-09
174,222,11,21,1,4,2000.00,2024-03-22
175,335,21,15,NULL,3,21499.00,2024-02-26
176,96,9,17,NULL,3,51499.00,2024-01-17
177,796,1,29,NULL,2,14750.00,2024-06-29
178,191,23,8,NULL,10,100.00,2024-02-04
179,235,12,24,NULL,1,8750.00,2024-07-29
180,810,18,9,NULL,6,250.00,2024-11-01
181,316,22,20,NULL,1,363599.00,2024-10-01
182,301,14,39,NULL,2,3250.00,2024-01-16
183,647,5,37,NULL,4,1700.00,2024-02-01
184,68,9,21,NULL,1,2500.00,2024-07-14
185,66,23,18,NULL,2,110000.00,2024-05-22
186,43,7,13,NULL,3,1844.00,2024-09-26
187,396,20,36,NULL,2,2000.00,2024-12-29
188,521,17,39,NULL,2,3250.00,2024-08-23
189,925,13,31,NULL,2,694.00,2024-04-20
190,171,6,22,NULL,3,3995.00,2024-01-08
191,515,1,24,NULL,3,8750.00,2024-11-09
192,17,13,25,3,3,7500.00,2024-06-18
193,26,17,13,NULL,2,1844.00,2024-06-23
194,994,13,23,NULL,5,7000.00,2024-05-03
195,791,2,40,NULL,4,1400.00,2024-09-28
196,449,1,34,NULL,1,899.50,2024-02-11
197,816,24,19,NULL,2,132999.00,2024-05-26
198,772,2,2,NULL,9,310.00,2024-01-01
199,402,9,25,NULL,1,10000.00,2024-12-23
200,290,8,29,NULL,5,14750.00,2024-08-04
201,423,15,29,NULL,3,14750.00,2024-09-22
202,435,15,30,NULL,1,3850.00,2024-11-08
203,764,15,33,NULL,3,1349.50,2024-03-09
204,989,10,4,1,10,360.00,2024-04-02
205,88,13,16,NULL,2,34999.00,2024-05-14
206,224,3,38,NULL,4,1600.00,2024-04-27
207,21,18,20,NULL,1,363599.00,2024-04-25
208,620,19,37,NULL,5,1700.00,2024-05-06
209,786,1,32,NULL,1,300.00,2024-11-16
210,374,21,9,NULL,6,250.00,2024-06-11
211,641,11,8,NULL,7,100.00,2024-08-24
212,500,11,27,NULL,1,5900.00,2024-01-06
213,421,20,34,NULL,1,899.50,2024-09-20
214,290,5,2,NULL,10,310.00,2024-08-08
215,856,12,33,NULL,5,1349.50,2024-08-28
216,198,12,34,NULL,1,899.50,2024-09-18
217,225,22,34,NULL,4,899.50,2024-06-06
218,63,8,14,NULL,3,2184.00,2024-09-26
219,269,7,19,NULL,2,132999.00,2024-07-21
220,223,24,11,NULL,3,899.00,2024-05-02
221,470,16,37,NULL,1,1700.00,2024-07-27
222,840,21,33,NULL,1,1349.50,2024-06-30
223,618,1,11,1,2,719.20,2024-04-04
224,706,1,4,1,2,360.00,2024-04-09
225,816,17,3,NULL,7,1700.00,2024-03-03
226,920,13,38,NULL,4,1600.00,2024-02-01
227,784,3,5,1,10,468.00,2024-03-30
228,808,8,7,NULL,8,1850.00,2024-11-02
229,42,2,11,NULL,3,899.00,2024-02-06
230,179,20,20,NULL,3,363599.00,2024-01-25
231,23,14,33,NULL,3,1349.50,2024-05-18
232,998,17,22,NULL,1,3995.00,2024-07-20
233,109,3,5,NULL,2,585.00,2024-04-19
234,921,3,32,NULL,3,300.00,2024-07-31
235,73,17,6,NULL,1,2862.50,2024-09-10
236,129,13,9,NULL,9,250.00,2024-06-28
237,622,16,16,NULL,3,34999.00,2024-01-12
238,730,19,23,NULL,2,7000.00,2024-08-12
239,895,11,19,NULL,3,132999.00,2024-01-25
240,398,6,39,NULL,3,3250.00,2024-01-25
241,233,17,33,NULL,2,1349.50,2024-12-17
242,905,11,23,NULL,2,7000.00,2024-05-27
243,559,18,40,NULL,4,1400.00,2024-09-29
244,531,10,16,NULL,2,34999.00,2024-10-05
245,874,12,31,NULL,3,694.00,2024-05-02
246,92,5,29,NULL,5,14750.00,2024-01-08
247,586,4,38,NULL,4,1600.00,2024-04-25
248,724,10,37,2,4,1190.00,2024-04-12
249,605,23,39,NULL,5,3250.00,2024-12-13
250,426,14,22,NULL,3,3995.00,2024-01-05
251,150,11,30,NULL,4,3850.00,2024-05-23
252,495,7,35,NULL,1,1150.00,2024-07-09
253,473,9,12,NULL,1,1199.00,2024-05-21
254,278,3,32,NULL,3,300.00,2024-07-31
255,930,1,17,NULL,2,51499.00,2024-12-22
256,152,22,5,NULL,7,585.00,2024-10-21
257,76,7,8,NULL,1,100.00,2024-02-19
258,980,17,17,NULL,1,51499.00,2024-01-20
259,986,21,10,NULL,6,300.00,2024-08-25
260,814,10,25,NULL,2,10000.00,2024-10-30
261,35,7,9,1,7,200.00,2024-03-31
262,350,22,17,NULL,3,51499.00,2024-05-28
263,693,3,20,NULL,1,363599.00,2024-02-10
264,103,6,38,NULL,5,1600.00,2024-12-03
265,278,24,39,NULL,1,3250.00,2024-12-28
266,163,18,7,NULL,8,1850.00,2024-08-27
267,878,2,31,NULL,4,694.00,2024-07-31
268,302,17,21,NULL,1,2500.00,2024-07-20
269,279,21,14,1,1,1747.20,2024-03-27
270,957,10,2,NULL,2,310.00,2024-01-18
271,459,23,12,NULL,2,1199.00,2024-08-24
272,879,8,35,NULL,4,1150.00,2024-06-12
273,790,2,40,NULL,3,1400.00,2024-09-14
274,736,24,26,NULL,4,11750.00,2024-04-29
275,460,6,32,1,5,240.00,2024-03-31
276,606,11,11,NULL,3,899.00,2024-02-10
277,318,10,3,NULL,2,1700.00,2024-01-23
278,560,9,4,NULL,4,450.00,2024-04-28
279,13,21,13,NULL,1,1844.00,2024-01-01
280,152,17,36,NULL,3,2000.00,2024-05-30
281,795,19,16,NULL,2,34999.00,2024-09-14
282,559,20,12,NULL,2,1199.00,2024-01-18
283,788,19,22,NULL,5,3995.00,2024-04-26
284,44,6,39,NULL,5,3250.00,2024-03-03
285,247,10,7,NULL,7,1850.00,2024-08-18
286,552,17,33,NULL,3,1349.50,2024-12-25
287,446,19,25,NULL,3,10000.00,2024-08-30
288,493,24,16,NULL,1,34999.00,2024-01-27
289,581,11,16,NULL,1,34999.00,2024-08-25
290,519,8,1,NULL,6,340.00,2024-02-11
291,314,24,39,NULL,2,3250.00,2024-10-27
292,814,8,3,NULL,7,1700.00,2024-05-13
293,235,5,7,NULL,2,1850.00,2024-04-30
294,703,3,15,NULL,3,21499.00,2024-07-28
295,997,19,32,NULL,5,300.00,2024-08-31
296,830,7,32,NULL,3,300.00,2024-02-25
297,587,18,32,NULL,4,300.00,2024-10-27
298,196,19,14,2,2,1528.80,2024-04-12
299,282,4,33,NULL,1,1349.50,2024-09-14
300,165,16,33,NULL,5,1349.50,2024-01-17
301,922,5,5,NULL,7,585.00,2024-12-28
302,268,10,7,NULL,7,1850.00,2024-08-17
303,387,24,28,NULL,4,4750.00,2024-07-25
304,998,19,35,NULL,2,1150.00,2024-12-27
305,856,5,15,1,3,17199.20,2024-03-18
306,360,20,38,1,3,1280.00,2024-03-27
307,303,8,25,NULL,4,10000.00,2024-02-14
308,563,12,25,NULL,3,10000.00,2024-09-03
309,645,15,8,NULL,8,100.00,2024-01-22
310,526,10,18,NULL,2,110000.00,2024-12-21
311,837,13,6,NULL,3,2862.50,2024-02-16
312,666,17,20,NULL,1,363599.00,2024-04-26
313,785,12,2,NULL,9,310.00,2024-10-19
314,866,19,10,NULL,10,300.00,2024-12-08
315,842,11,23,NULL,2,7000.00,2024-08-08
316,668,11,11,NULL,1,899.00,2024-12-19
317,282,8,26,NULL,4,11750.00,2024-05-05
318,835,21,31,2,1,485.80,2024-04-11
319,564,14,9,NULL,2,250.00,2024-05-11
320,602,15,8,NULL,3,100.00,2024-03-02
321,793,5,22,NULL,2,3995.00,2024-03-04
322,626,11,13,NULL,2,1844.00,2024-04-21
323,813,11,28,1,5,3800.00,2024-03-11
324,840,14,9,NULL,4,250.00,2024-05-25
325,656,5,36,NULL,5,2000.00,2024-11-25
326,591,10,5,NULL,8,585.00,2024-06-01
327,515,8,2,1,1,248.00,2024-03-28
328,701,6,6,NULL,6,2862.50,2024-12-30
329,657,17,21,NULL,5,2500.00,2024-06-20
330,659,21,12,NULL,2,1199.00,2024-11-12
331,775,11,37,1,3,1360.00,2024-04-07
332,24,11,3,NULL,9,1700.00,2024-12-30
333,76,23,20,4,2,312695.14,2024-08-15
334,296,14,1,NULL,8,340.00,2024-05-13
335,686,4,30,1,5,3080.00,2024-03-24
336,885,17,31,NULL,2,694.00,2024-09-23
337,709,10,37,NULL,5,1700.00,2024-04-25
338,362,6,1,NULL,1,340.00,2024-06-05
339,150,12,40,NULL,2,1400.00,2024-06-12
340,139,20,24,NULL,1,8750.00,2024-07-30
341,781,15,25,NULL,4,10000.00,2024-04-29
342,864,1,19,NULL,1,132999.00,2024-04-26
343,917,2,23,NULL,2,7000.00,2024-08-08
344,893,11,22,NULL,2,3995.00,2024-05-14
345,976,6,10,3,7,225.00,2024-06-19
346,777,24,23,NULL,3,7000.00,2024-11-03
347,163,5,22,NULL,4,3995.00,2024-01-26
348,458,3,3,NULL,3,1700.00,2024-02-01
349,849,14,14,NULL,3,2184.00,2024-12-26
350,528,23,6,NULL,1,2862.50,2024-11-25
351,599,20,12,NULL,3,1199.00,2024-12-07
352,378,10,32,NULL,2,300.00,2024-09-26
353,553,17,36,1,4,1600.00,2024-04-06
354,651,5,40,NULL,4,1400.00,2024-05-02
355,675,5,33,NULL,3,1349.50,2024-08-02
356,597,14,3,NULL,9,1700.00,2024-08-10
357,434,15,30,NULL,2,3850.00,2024-12-01
358,943,17,27,NULL,5,5900.00,2024-03-05
359,72,15,32,NULL,1,300.00,2024-01-31
360,221,20,18,NULL,1,110000.00,2024-09-04
361,511,6,25,NULL,1,10000.00,2024-05-14
362,913,14,2,NULL,6,310.00,2024-07-16
363,273,16,13,NULL,2,1844.00,2024-09-17
364,859,12,37,NULL,4,1700.00,2024-02-07
365,476,3,5,1,8,468.00,2024-03-16
366,937,14,38,NULL,4,1600.00,2024-02-04
367,805,5,18,NULL,1,110000.00,2024-09-21
368,203,5,14,NULL,2,2184.00,2024-02-13
369,553,1,18,NULL,1,110000.00,2024-01-30
370,361,11,6,NULL,2,2862.50,2024-04-21
371,838,18,7,NULL,5,1850.00,2024-08-04
372,643,19,36,NULL,1,2000.00,2024-02-20
373,755,17,5,NULL,2,585.00,2024-06-29
374,329,4,32,3,5,225.00,2024-06-19
375,475,11,33,NULL,1,1349.50,2024-09-21
376,716,2,4,NULL,2,450.00,2024-04-13
377,975,10,39,NULL,4,3250.00,2024-09-20
378,281,9,34,1,3,719.60,2024-03-12
379,710,4,29,NULL,5,14750.00,2024-01-07
380,828,6,24,1,3,7000.00,2024-03-29
381,690,24,38,NULL,3,1600.00,2024-08-25
382,348,9,30,NULL,1,3850.00,2024-09-03
383,548,10,15,NULL,3,21499.00,2024-07-29
384,345,7,15,NULL,3,21499.00,2024-12-15
385,644,3,26,NULL,2,11750.00,2024-10-26
386,554,4,6,1,7,2290.00,2024-03-20
387,668,9,30,NULL,5,3850.00,2024-08-20
388,936,19,3,NULL,9,1700.00,2024-01-05
389,241,16,19,NULL,2,132999.00,2024-05-29
390,7,3,19,NULL,3,132999.00,2024-01-04
391,311,14,33,NULL,4,1349.50,2024-06-13
392,588,14,5,NULL,10,585.00,2024-11-09
393,94,17,3,NULL,6,1700.00,2024-05-05
394,480,22,1,NULL,2,340.00,2024-06-11
395,389,13,16,NULL,3,34999.00,2024-05-24
396,930,5,4,NULL,5,450.00,2024-12-14
397,497,2,35,NULL,5,1150.00,2024-01-28
398,796,14,18,NULL,1,110000.00,2024-07-11
399,901,15,15,NULL,3,21499.00,2024-01-08
400,866,9,11,NULL,1,899.00,2024-03-01
401,822,22,5,NULL,8,585.00,2024-10-27
402,357,12,16,NULL,1,34999.00,2024-06-13
403,141,10,25,NULL,3,10000.00,2024-11-14
404,838,18,4,NULL,2,450.00,2024-04-14
405,962,8,28,NULL,3,4750.00,2024-07-06
406,920,3,34,NULL,5,899.50,2024-11-17
407,618,13,33,NULL,5,1349.50,2024-06-13
408,758,8,14,NULL,2,2184.00,2024-09-17
409,652,14,39,NULL,3,3250.00,2024-01-22
410,886,5,12,NULL,2,1199.00,2024-11-26
411,451,9,18,NULL,1,110000.00,2024-01-25
412,49,3,14,NULL,3,2184.00,2024-05-09
413,875,1,18,NULL,1,110000.00,2024-02-06
414,832,12,36,NULL,3,2000.00,2024-01-09
415,158,11,31,NULL,2,694.00,2024-07-10
416,880,13,1,NULL,2,340.00,2024-06-11
417,659,17,21,NULL,5,2500.00,2024-07-01
418,190,4,5,NULL,5,585.00,2024-02-26
419,703,6,39,NULL,5,3250.00,2024-02-29
420,150,24,16,NULL,3,34999.00,2024-01-10
421,815,4,10,NULL,10,300.00,2024-09-23
422,636,7,21,NULL,1,2500.00,2024-09-16
423,945,17,23,NULL,1,7000.00,2024-09-27
424,922,13,35,NULL,2,1150.00,2024-10-16
425,256,8,30,NULL,4,3850.00,2024-10-18
426,406,19,22,NULL,4,3995.00,2024-06-11
427,684,15,40,NULL,3,1400.00,2024-02-09
428,570,3,35,NULL,2,1150.00,2024-12-17
429,243,13,39,NULL,1,3250.00,2024-03-08
430,660,5,35,NULL,3,1150.00,2024-11-01
431,322,22,25,NULL,4,10000.00,2024-04-19
432,454,7,37,NULL,3,1700.00,2024-11-08
433,897,1,15,NULL,3,21499.00,2024-10-01
434,149,17,4,NULL,2,450.00,2024-04-15
435,131,2,36,1,4,1600.00,2024-04-09
436,655,5,40,NULL,5,1400.00,2024-05-18
437,466,14,18,NULL,1,110000.00,2024-06-24
438,22,20,4,NULL,7,450.00,2024-12-28
439,325,16,10,NULL,8,300.00,2024-04-20
440,947,11,11,NULL,2,899.00,2024-01-15
441,954,13,31,1,1,555.20,2024-04-08
442,399,21,6,NULL,2,2862.50,2024-02-16
443,610,11,18,NULL,3,110000.00,2024-10-28
444,592,13,33,NULL,1,1349.50,2024-07-02
445,878,4,7,NULL,1,1850.00,2024-04-19
446,285,8,29,NULL,5,14750.00,2024-08-07
447,603,9,2,NULL,4,310.00,2024-02-04
448,460,7,36,NULL,4,2000.00,2024-09-07
449,727,9,26,NULL,3,11750.00,2024-02-02
450,434,14,17,NULL,1,51499.00,2024-06-25
451,287,24,4,NULL,1,450.00,2024-06-21
452,58,1,35,1,4,920.00,2024-04-04
453,867,4,6,1,8,2290.00,2024-03-28
454,201,16,27,NULL,4,5900.00,2024-05-06
455,690,6,40,NULL,4,1400.00,2024-05-05
456,618,22,26,NULL,3,11750.00,2024-06-21
457,887,2,25,NULL,3,10000.00,2024-11-18
458,256,13,37,NULL,1,1700.00,2024-12-24
459,802,14,17,NULL,2,51499.00,2024-05-03
460,373,11,2,NULL,4,310.00,2024-11-25
461,211,22,36,NULL,2,2000.00,2024-10-12
462,680,19,36,NULL,3,2000.00,2024-01-18
463,848,11,27,NULL,1,5900.00,2024-01-13
464,658,21,8,NULL,8,100.00,2024-06-20
465,416,19,28,NULL,1,4750.00,2024-01-11
466,460,24,20,NULL,3,363599.00,2024-06-24
467,374,24,32,NULL,3,300.00,2024-12-16
468,395,15,35,NULL,5,1150.00,2024-06-30
469,921,24,2,NULL,4,310.00,2024-04-20
470,94,7,3,NULL,5,1700.00,2024-07-16
471,844,18,7,NULL,6,1850.00,2024-08-13
472,26,10,39,NULL,5,3250.00,2024-07-17
473,642,16,13,NULL,1,1844.00,2024-08-18
474,155,4,11,NULL,2,899.00,2024-11-15
475,304,19,36,NULL,2,2000.00,2024-03-05
476,518,23,10,NULL,9,300.00,2024-04-22
477,217,15,14,NULL,2,2184.00,2024-12-01
478,18,11,4,NULL,5,450.00,2024-02-20
479,798,16,37,NULL,1,1700.00,2024-07-21
480,592,20,11,NULL,2,899.00,2024-11-03
481,741,9,20,NULL,2,363599.00,2024-06-01
482,839,9,8,NULL,1,100.00,2024-11-30
483,278,10,3,NULL,6,1700.00,2024-02-21
484,298,21,16,NULL,2,34999.00,2024-05-01
485,623,14,34,NULL,3,899.50,2024-08-02
486,273,4,36,NULL,3,2000.00,2024-01-06
487,1000,19,35,NULL,3,1150.00,2024-01-14
488,711,21,8,NULL,1,100.00,2024-04-23
489,145,17,39,NULL,5,3250.00,2024-09-25
490,862,21,31,NULL,4,694.00,2024-03-04
491,491,16,31,NULL,5,694.00,2024-11-05
492,273,12,23,NULL,1,7000.00,2024-05-13
493,636,18,33,NULL,4,1349.50,2024-10-26
494,833,5,19,NULL,2,132999.00,2024-10-08
495,870,2,25,NULL,3,10000.00,2024-11-16
496,283,16,20,NULL,2,363599.00,2024-05-23
497,449,17,1,NULL,1,340.00,2024-01-05
498,215,23,39,NULL,2,3250.00,2024-01-10
499,188,5,14,NULL,3,2184.00,2024-03-06
500,767,6,38,NULL,1,1600.00,2024-12-24
501,357,15,39,NULL,1,3250.00,2024-12-30
502,487,4,12,NULL,3,1199.00,2024-12-11
503,604,9,40,NULL,1,1400.00,2024-10-27
504,386,11,38,NULL,1,1600.00,2024-05-22
505,650,19,34,NULL,5,899.50,2024-11-24
506,250,7,27,NULL,2,5900.00,2024-06-24
507,544,13,2,NULL,7,310.00,2024-07-18
508,573,23,39,NULL,2,3250.00,2024-01-11
509,114,21,37,NULL,1,1700.00,2024-12-19
510,698,4,23,NULL,3,7000.00,2024-06-13
511,327,1,7,NULL,3,1850.00,2024-09-28
512,815,11,33,NULL,5,1349.50,2024-09-05
513,844,7,37,NULL,5,1700.00,2024-09-18
514,956,8,30,NULL,3,3850.00,2024-09-24
515,989,16,9,NULL,10,250.00,2024-02-09
516,368,1,1,NULL,9,340.00,2024-12-24
517,416,12,4,NULL,8,450.00,2024-12-29
518,672,5,33,NULL,3,1349.50,2024-08-09
519,993,7,17,1,1,41199.20,2024-04-07
520,519,10,19,NULL,1,132999.00,2024-02-15
521,743,1,39,NULL,5,3250.00,2024-10-01
522,866,21,28,NULL,3,4750.00,2024-11-29
523,597,15,6,NULL,1,2862.50,2024-11-23
524,756,13,13,NULL,1,1844.00,2024-12-27
525,124,14,19,NULL,3,132999.00,2024-08-12
526,539,16,29,NULL,4,14750.00,2024-08-03
527,192,14,14,NULL,3,2184.00,2024-12-09
528,571,20,17,NULL,2,51499.00,2024-07-15
529,816,15,27,NULL,2,5900.00,2024-06-13
530,943,23,35,NULL,5,1150.00,2024-06-28
531,865,18,1,NULL,6,340.00,2024-12-03
532,11,10,36,NULL,1,2000.00,2024-05-04
533,10,1,5,NULL,10,585.00,2024-06-12
534,249,12,28,NULL,5,4750.00,2024-12-31
535,591,5,10,NULL,10,300.00,2024-07-15
536,381,22,17,NULL,2,51499.00,2024-05-03
537,214,18,1,NULL,4,340.00,2024-11-21
538,316,10,40,NULL,1,1400.00,2024-10-25
539,994,17,22,NULL,1,3995.00,2024-07-17
540,970,12,22,1,4,3196.00,2024-04-07
541,618,1,15,NULL,1,21499.00,2024-08-24
542,884,23,40,NULL,4,1400.00,2024-02-12
543,853,9,7,NULL,5,1850.00,2024-10-16
544,906,4,4,NULL,7,450.00,2024-12-26
545,232,6,22,NULL,2,3995.00,2024-12-24
546,373,2,11,NULL,2,899.00,2024-01-30
547,866,12,29,NULL,4,14750.00,2024-02-26
548,804,2,35,NULL,2,1150.00,2024-03-09
549,47,7,8,NULL,4,100.00,2024-03-06
550,15,4,26,NULL,2,11750.00,2024-10-31
551,539,2,31,NULL,3,694.00,2024-07-23
552,931,3,27,NULL,2,5900.00,2024-01-19
553,137,22,6,NULL,4,2862.50,2024-12-17
554,80,6,35,NULL,4,1150.00,2024-08-28
555,480,8,9,NULL,7,250.00,2024-01-24
556,231,3,33,NULL,3,1349.50,2024-10-16
557,118,3,5,1,10,468.00,2024-03-31
558,877,15,18,NULL,1,110000.00,2024-04-27
559,568,23,37,NULL,1,1700.00,2024-10-11
560,490,23,12,NULL,1,1199.00,2024-07-29
561,369,19,33,NULL,2,1349.50,2024-10-03
562,289,13,28,NULL,3,4750.00,2024-11-21
563,330,11,10,NULL,7,300.00,2024-11-17
564,691,11,9,NULL,7,250.00,2024-08-29
565,434,3,13,NULL,3,1844.00,2024-03-06
566,279,13,29,NULL,4,14750.00,2024-12-24
567,28,19,29,NULL,2,14750.00,2024-04-22
568,991,20,3,NULL,2,1700.00,2024-11-12
569,178,11,24,NULL,3,8750.00,2024-08-29
570,744,3,8,NULL,9,100.00,2024-09-08
571,282,20,7,NULL,8,1850.00,2024-06-12
572,269,5,3,NULL,10,1700.00,2024-11-02
573,321,17,23,NULL,4,7000.00,2024-09-09
574,773,14,19,NULL,3,132999.00,2024-09-05
575,874,11,20,NULL,2,363599.00,2024-03-04
576,508,8,4,3,1,337.50,2024-06-19
577,934,12,23,NULL,2,7000.00,2024-05-22
578,159,24,20,NULL,1,363599.00,2024-07-04
579,689,8,21,NULL,4,2500.00,2024-08-31
580,757,13,16,NULL,3,34999.00,2024-05-20
581,481,6,28,NULL,4,4750.00,2024-09-24
582,866,12,35,NULL,4,1150.00,2024-11-08
583,773,21,40,NULL,5,1400.00,2024-05-19
584,471,15,21,NULL,4,2500.00,2024-10-31
585,536,21,28,NULL,2,4750.00,2024-11-16
586,908,15,15,NULL,3,21499.00,2024-12-24
587,72,23,21,NULL,2,2500.00,2024-10-12
588,277,10,10,NULL,2,300.00,2024-12-26
589,980,9,30,NULL,2,3850.00,2024-09-21
590,715,11,3,NULL,9,1700.00,2024-01-01
591,37,19,28,NULL,4,4750.00,2024-02-29
592,233,23,39,NULL,2,3250.00,2024-01-12
593,199,6,20,NULL,2,363599.00,2024-10-14
594,971,11,15,NULL,1,21499.00,2024-06-25
595,66,11,36,1,3,1600.00,2024-03-20
596,375,16,7,NULL,7,1850.00,2024-10-25
597,584,3,30,NULL,5,3850.00,2024-06-05
598,248,13,35,NULL,1,1150.00,2024-09-19
599,937,16,14,NULL,1,2184.00,2024-11-07
600,490,20,26,NULL,4,11750.00,2024-09-27
601,670,1,3,1,1,1360.00,2024-03-29
602,494,9,8,NULL,3,100.00,2024-12-23
603,523,18,6,NULL,10,2862.50,2024-06-24
604,424,5,30,NULL,1,3850.00,2024-01-25
605,471,23,14,NULL,1,2184.00,2024-10-28
606,91,3,13,1,1,1475.20,2024-04-02
607,720,18,17,NULL,1,51499.00,2024-11-22
608,553,1,19,1,3,106399.20,2024-04-01
609,527,2,30,NULL,3,3850.00,2024-07-21
610,909,1,12,NULL,2,1199.00,2024-06-15
611,631,23,36,NULL,5,2000.00,2024-07-11
612,402,1,36,NULL,2,2000.00,2024-05-23
613,289,14,38,NULL,2,1600.00,2024-01-11
614,486,12,39,NULL,5,3250.00,2024-05-11
615,488,17,1,NULL,10,340.00,2024-12-29
616,637,10,6,NULL,10,2862.50,2024-06-24
617,440,7,1,2,4,238.00,2024-04-11
618,879,9,9,NULL,10,250.00,2024-11-26
619,844,12,36,NULL,3,2000.00,2024-01-09
620,89,4,19,NULL,3,132999.00,2024-11-14
621,205,4,3,NULL,3,1700.00,2024-11-18
622,531,23,7,NULL,3,1850.00,2024-12-08
623,214,11,26,NULL,2,11750.00,2024-10-30
624,667,16,8,NULL,8,100.00,2024-01-23
625,405,21,6,NULL,10,2862.50,2024-01-24
626,419,8,15,NULL,1,21499.00,2024-10-26
627,632,3,26,NULL,4,11750.00,2024-11-28
628,299,17,20,NULL,3,363599.00,2024-06-14
629,478,3,1,NULL,10,340.00,2024-10-15
630,182,5,15,1,1,17199.20,2024-03-24
631,698,7,9,1,7,200.00,2024-03-30
632,302,17,22,NULL,3,3995.00,2024-08-13
633,498,2,37,NULL,4,1700.00,2024-04-18
634,892,5,12,NULL,2,1199.00,2024-11-14
635,783,12,3,NULL,10,1700.00,2024-10-24
636,107,20,29,1,4,11800.00,2024-03-12
637,406,16,39,NULL,3,3250.00,2024-11-08
638,516,8,5,NULL,6,585.00,2024-07-30
639,990,8,25,NULL,4,10000.00,2024-02-04
640,972,22,25,NULL,4,10000.00,2024-04-20
641,627,1,7,NULL,6,1850.00,2024-10-26
642,453,13,10,NULL,4,300.00,2024-08-10
643,902,12,27,NULL,2,5900.00,2024-11-09
644,43,6,4,NULL,3,450.00,2024-09-17
645,317,18,25,NULL,1,10000.00,2024-12-23
646,143,16,37,NULL,5,1700.00,2024-07-09
647,898,20,15,NULL,1,21499.00,2024-06-04
648,747,18,15,NULL,1,21499.00,2024-09-03
649,326,20,5,NULL,2,585.00,2024-02-09
650,671,19,31,NULL,4,694.00,2024-08-05
651,470,10,24,NULL,4,8750.00,2024-09-13
652,741,10,31,NULL,5,694.00,2024-08-24
653,698,17,18,NULL,3,110000.00,2024-01-18
654,559,24,8,NULL,4,100.00,2024-12-27
655,27,23,25,1,2,8000.00,2024-03-22
656,805,4,11,NULL,3,899.00,2024-12-08
657,575,6,20,NULL,3,363599.00,2024-09-08
658,875,10,18,NULL,1,110000.00,2024-11-28
659,572,2,28,NULL,5,4750.00,2024-03-08
660,804,10,25,NULL,1,10000.00,2024-10-18
661,495,23,10,NULL,10,300.00,2024-05-03
662,929,17,24,NULL,5,8750.00,2024-12-13
663,980,24,3,1,2,1360.00,2024-04-06
664,29,16,7,5,9,1110.00,2024-11-11
665,544,6,23,NULL,5,7000.00,2024-02-09
666,923,2,22,NULL,1,3995.00,2024-07-17
667,738,12,5,1,8,468.00,2024-03-21
668,994,19,36,NULL,4,2000.00,2024-02-01
669,692,3,15,NULL,3,21499.00,2024-07-25
670,919,11,16,4,3,30099.14,2024-08-16
671,998,2,14,NULL,2,2184.00,2024-06-28
672,744,10,29,NULL,4,14750.00,2024-05-12
673,406,23,18,NULL,2,110000.00,2024-05-19
674,866,13,1,NULL,7,340.00,2024-07-16
675,540,20,16,NULL,2,34999.00,2024-07-14
676,943,5,4,NULL,5,450.00,2024-12-10
677,231,23,37,NULL,1,1700.00,2024-10-08
678,318,6,5,NULL,4,585.00,2024-12-13
679,136,12,1,4,1,292.40,2024-08-16
680,485,6,24,NULL,5,8750.00,2024-05-09
681,842,7,33,1,4,1079.60,2024-03-26
682,16,21,9,NULL,8,250.00,2024-06-20
683,272,4,38,1,2,1280.00,2024-03-16
684,581,5,7,2,10,1295.00,2024-04-12
685,687,18,22,NULL,5,3995.00,2024-06-26
686,736,4,25,NULL,1,10000.00,2024-08-11
687,116,1,28,NULL,1,4750.00,2024-06-05
688,49,2,3,1,10,1360.00,2024-03-25
689,977,3,20,NULL,2,363599.00,2024-03-09
690,780,12,6,1,8,2290.00,2024-03-27
691,23,21,12,NULL,2,1199.00,2024-11-15
692,736,7,5,NULL,7,585.00,2024-10-18
693,752,21,5,NULL,5,585.00,2024-12-15
694,295,5,40,NULL,1,1400.00,2024-05-29
695,204,19,8,NULL,8,100.00,2024-09-01
696,848,23,4,NULL,2,450.00,2024-09-11
697,856,18,1,NULL,4,340.00,2024-11-19
698,340,13,21,NULL,4,2500.00,2024-01-17
699,308,12,18,NULL,2,110000.00,2024-10-03
700,118,4,18,NULL,1,110000.00,2024-09-12
701,836,15,25,NULL,5,10000.00,2024-02-20
702,17,11,4,NULL,4,450.00,2024-02-08
703,192,2,28,NULL,2,4750.00,2024-04-15
704,992,21,10,NULL,7,300.00,2024-09-03
705,193,1,25,NULL,4,10000.00,2024-11-26
706,835,2,29,NULL,2,14750.00,2024-06-27
707,864,13,1,NULL,4,340.00,2024-06-24
708,434,2,38,NULL,4,1600.00,2024-07-02
709,136,12,2,NULL,6,310.00,2024-09-29
710,743,23,16,1,3,27999.20,2024-03-18
711,680,20,1,NULL,3,340.00,2024-08-26
712,69,18,18,NULL,3,110000.00,2024-01-16
713,216,12,29,1,5,11800.00,2024-03-13
714,498,1,27,1,2,4720.00,2024-03-31
715,406,9,19,NULL,1,132999.00,2024-05-06
716,533,18,1,NULL,4,340.00,2024-11-17
717,208,23,2,NULL,9,310.00,2024-05-20
718,911,3,34,NULL,5,899.50,2024-11-22
719,922,21,19,NULL,3,132999.00,2024-10-28
720,20,1,39,NULL,1,3250.00,2024-10-13
721,836,2,34,NULL,2,899.50,2024-12-21
722,848,5,15,1,1,17199.20,2024-04-02
723,168,7,37,NULL,5,1700.00,2024-09-25
724,392,5,34,NULL,1,899.50,2024-07-13
725,296,23,34,NULL,1,899.50,2024-04-30
726,763,9,22,NULL,1,3995.00,2024-07-22
727,287,21,18,NULL,3,110000.00,2024-08-12
728,907,7,29,NULL,2,14750.00,2024-09-13
729,728,13,21,NULL,2,2500.00,2024-12-27
730,912,11,17,NULL,3,51499.00,2024-10-14
731,42,5,30,NULL,3,3850.00,2024-02-12
732,683,5,37,NULL,3,1700.00,2024-01-14
733,967,15,1,NULL,7,340.00,2024-05-07
734,374,20,39,NULL,4,3250.00,2024-05-01
735,992,14,34,NULL,1,899.50,2024-07-11
736,903,6,17,NULL,3,51499.00,2024-06-05
737,109,22,9,NULL,9,250.00,2024-04-18
738,475,19,15,NULL,2,21499.00,2024-07-12
739,237,12,30,1,5,3080.00,2024-03-18
740,611,13,28,NULL,4,4750.00,2024-12-15
741,610,24,40,NULL,1,1400.00,2024-12-29
742,238,2,24,NULL,5,8750.00,2024-09-17
743,991,12,17,NULL,1,51499.00,2024-09-02
744,422,21,39,NULL,4,3250.00,2024-04-28
745,530,14,6,NULL,10,2862.50,2024-01-24
746,320,22,20,NULL,1,363599.00,2024-10-02
747,306,15,2,NULL,10,310.00,2024-05-30
748,519,18,6,3,10,2146.88,2024-06-19
749,217,8,37,NULL,3,1700.00,2024-08-23
750,427,18,13,NULL,3,1844.00,2024-05-11
751,363,4,27,NULL,2,5900.00,2024-11-03
752,609,9,1,NULL,7,340.00,2024-12-08
753,457,8,11,NULL,3,899.00,2024-04-29
754,271,20,8,NULL,3,100.00,2024-07-24
755,468,16,34,1,3,719.60,2024-03-13
756,958,7,17,1,1,41199.20,2024-04-04
757,607,20,8,NULL,3,100.00,2024-07-30
758,740,20,35,NULL,4,1150.00,2024-11-09
759,920,13,31,NULL,1,694.00,2024-04-13
760,841,19,18,NULL,2,110000.00,2024-10-04
761,288,22,26,NULL,4,11750.00,2024-07-07
762,687,12,17,NULL,2,51499.00,2024-07-25
763,258,13,33,NULL,2,1349.50,2024-07-24
764,972,21,17,NULL,1,51499.00,2024-06-25
765,347,7,11,NULL,3,899.00,2024-07-02
766,199,19,11,NULL,1,899.00,2024-01-04
767,211,8,37,NULL,4,1700.00,2024-09-09
768,323,14,37,NULL,3,1700.00,2024-11-08
769,14,13,24,NULL,5,8750.00,2024-05-03
770,674,14,31,NULL,3,694.00,2024-03-05
771,327,23,25,NULL,4,10000.00,2024-04-29
772,954,10,7,NULL,7,1850.00,2024-08-20
773,416,3,7,NULL,6,1850.00,2024-08-12
774,918,23,37,NULL,5,1700.00,2024-09-24
775,499,17,36,3,4,1500.00,2024-06-17
776,648,11,7,NULL,3,1850.00,2024-07-17
777,512,21,34,NULL,2,899.50,2024-07-24
778,814,5,17,NULL,1,51499.00,2024-07-02
779,5,3,24,NULL,5,8750.00,2024-07-18
780,288,12,23,NULL,5,7000.00,2024-04-27
781,748,22,13,NULL,1,1844.00,2024-10-29
782,484,21,31,1,5,555.20,2024-03-29
783,43,9,26,NULL,3,11750.00,2024-02-03
784,574,4,4,NULL,3,450.00,2024-11-26
785,720,18,22,NULL,5,3995.00,2024-07-02
786,868,18,39,NULL,3,3250.00,2024-09-03
787,402,14,23,NULL,1,7000.00,2024-02-25
788,915,9,1,NULL,9,340.00,2024-12-22
789,355,5,39,1,1,2600.00,2024-03-19
790,203,13,37,NULL,4,1700.00,2024-01-29
791,951,21,15,1,1,17199.20,2024-03-30
792,85,23,16,1,3,27999.20,2024-03-13
793,374,12,13,NULL,3,1844.00,2024-02-24
794,441,21,1,NULL,5,340.00,2024-06-28
795,531,11,27,NULL,4,5900.00,2024-12-07
796,701,10,37,NULL,5,1700.00,2024-04-25
797,385,8,19,NULL,2,132999.00,2024-05-21
798,413,13,15,1,1,17199.20,2024-03-22
799,568,17,31,NULL,3,694.00,2024-10-06
800,287,22,23,NULL,1,7000.00,2024-02-20
801,651,6,6,NULL,7,2862.50,2024-01-07
802,387,21,7,1,8,1480.00,2024-04-06
803,204,15,20,NULL,2,363599.00,2024-08-11
804,28,11,1,NULL,2,340.00,2024-11-01
805,55,23,22,NULL,4,3995.00,2024-11-06
806,673,11,6,NULL,7,2862.50,2024-06-03
807,104,12,8,NULL,6,100.00,2024-05-31
808,357,6,3,4,10,1462.00,2024-08-14
809,710,20,38,1,2,1280.00,2024-03-16
810,606,8,27,NULL,1,5900.00,2024-05-29
811,108,9,15,NULL,3,21499.00,2024-10-14
812,922,1,18,NULL,3,110000.00,2024-01-14
813,362,3,22,1,4,3196.00,2024-04-09
814,82,2,4,NULL,2,450.00,2024-04-14
815,808,16,31,NULL,2,694.00,2024-11-30
816,621,7,23,NULL,1,7000.00,2024-12-13
817,467,4,14,1,3,1747.20,2024-03-12
818,389,24,26,NULL,3,11750.00,2024-04-18
819,2,7,15,NULL,3,21499.00,2024-12-27
820,310,24,40,NULL,1,1400.00,2024-01-03
821,254,3,31,NULL,1,694.00,2024-06-22
822,67,1,40,NULL,2,1400.00,2024-11-10
823,977,23,33,1,5,1079.60,2024-04-03
824,282,24,3,NULL,7,1700.00,2024-05-17
825,302,11,14,NULL,3,2184.00,2024-05-13
826,899,3,32,NULL,4,300.00,2024-08-13
827,839,24,17,NULL,1,51499.00,2024-01-20
828,149,14,14,NULL,1,2184.00,2024-01-13
829,620,16,19,NULL,1,132999.00,2024-05-06
830,590,24,4,NULL,5,450.00,2024-07-17
831,579,14,4,NULL,7,450.00,2024-10-14
832,830,6,28,NULL,4,4750.00,2024-10-08
833,464,2,36,NULL,5,2000.00,2024-04-22
834,341,4,29,NULL,2,14750.00,2024-01-31
835,259,10,7,NULL,9,1850.00,2024-08-30
836,87,24,28,NULL,2,4750.00,2024-06-29
837,470,5,19,NULL,3,132999.00,2024-10-29
838,147,14,14,NULL,3,2184.00,2024-12-27
839,788,3,3,NULL,2,1700.00,2024-01-26
840,544,7,28,NULL,2,4750.00,2024-09-08
841,675,8,25,NULL,4,10000.00,2024-02-16
842,476,2,35,1,2,920.00,2024-03-11
843,97,12,5,NULL,2,585.00,2024-02-07
844,628,14,40,1,2,1120.00,2024-04-01
845,590,4,38,NULL,3,1600.00,2024-04-13
846,108,19,20,1,2,290879.20,2024-03-11
847,762,10,31,NULL,3,694.00,2024-07-14
848,460,2,38,NULL,4,1600.00,2024-07-03
849,996,21,15,1,1,17199.20,2024-04-04
850,35,17,14,NULL,1,2184.00,2024-08-27
851,233,11,22,NULL,1,3995.00,2024-04-30
852,212,23,3,NULL,5,1700.00,2024-07-16
853,766,10,28,1,2,3800.00,2024-04-10
854,634,8,23,NULL,5,7000.00,2024-12-04
855,959,23,36,NULL,1,2000.00,2024-07-20
856,907,5,11,NULL,3,899.00,2024-09-22
857,15,14,30,NULL,5,3850.00,2024-01-11
858,528,21,31,1,4,555.20,2024-03-13
859,935,14,40,1,2,1120.00,2024-04-01
860,747,20,38,NULL,5,1600.00,2024-02-16
861,922,1,15,NULL,2,21499.00,2024-09-18
862,365,8,20,NULL,3,363599.00,2024-06-23
863,206,6,25,NULL,1,10000.00,2024-05-17
864,898,12,28,NULL,5,4750.00,2024-12-26
865,444,14,23,NULL,3,7000.00,2024-01-12
866,428,15,34,NULL,1,899.50,2024-04-27
867,479,4,8,NULL,5,100.00,2024-08-11
868,478,1,23,NULL,3,7000.00,2024-11-08
869,195,8,1,NULL,7,340.00,2024-02-21
870,774,23,18,NULL,1,110000.00,2024-04-27
871,545,20,19,NULL,3,132999.00,2024-11-04
872,655,19,34,NULL,2,899.50,2024-12-15
873,303,20,6,NULL,1,2862.50,2024-04-18
874,344,14,34,NULL,1,899.50,2024-07-06
875,545,17,30,NULL,1,3850.00,2024-08-30
876,530,9,5,NULL,2,585.00,2024-06-27
877,205,15,21,NULL,4,2500.00,2024-08-26
878,793,18,7,NULL,2,1850.00,2024-09-29
879,734,3,10,NULL,2,300.00,2024-12-20
880,609,18,34,NULL,3,899.50,2024-12-28
881,228,20,17,NULL,3,51499.00,2024-08-01
882,739,15,32,NULL,1,300.00,2024-02-08
883,607,12,23,NULL,2,7000.00,2024-06-03
884,712,9,30,NULL,3,3850.00,2024-07-16
885,873,21,30,NULL,1,3850.00,2024-01-25
886,431,19,24,NULL,2,8750.00,2024-08-10
887,587,3,27,NULL,3,5900.00,2024-01-30
888,777,17,1,NULL,5,340.00,2024-02-04
889,746,13,14,NULL,2,2184.00,2024-02-04
890,180,11,23,NULL,5,7000.00,2024-07-05
891,920,23,36,NULL,4,2000.00,2024-09-03
892,408,24,28,NULL,3,4750.00,2024-07-05
893,829,18,7,NULL,6,1850.00,2024-08-10
894,4,8,24,NULL,1,8750.00,2024-12-29
895,982,8,29,NULL,4,14750.00,2024-07-22
896,596,1,13,3,2,1383.00,2024-06-19
897,706,7,9,1,5,200.00,2024-03-20
898,773,10,29,NULL,4,14750.00,2024-05-12
899,233,5,6,1,8,2290.00,2024-03-28
900,18,21,8,NULL,5,100.00,2024-05-28
901,54,22,15,NULL,2,21499.00,2024-02-19
902,415,10,27,NULL,4,5900.00,2024-02-22
903,295,6,13,NULL,1,1844.00,2024-10-30
904,586,7,28,NULL,3,4750.00,2024-07-11
905,406,6,40,NULL,5,1400.00,2024-02-28
906,895,21,23,1,3,5600.00,2024-03-24
907,715,4,21,1,3,2000.00,2024-03-11
908,445,1,30,NULL,5,3850.00,2024-08-08
909,352,7,11,NULL,2,899.00,2024-06-26
910,844,6,27,NULL,5,5900.00,2024-08-01
911,948,23,30,NULL,4,3850.00,2024-12-23
912,291,13,30,NULL,2,3850.00,2024-02-07
913,249,8,33,NULL,1,1349.50,2024-02-03
914,943,15,4,NULL,4,450.00,2024-09-19
915,352,21,10,NULL,2,300.00,2024-07-24
916,951,9,1,NULL,7,340.00,2024-12-07
917,389,1,40,NULL,1,1400.00,2024-10-26
918,303,2,16,NULL,2,34999.00,2024-09-16
919,981,16,10,1,6,240.00,2024-04-03
920,134,23,11,3,2,674.25,2024-06-18
921,401,8,19,1,1,106399.20,2024-04-09
922,197,24,12,NULL,3,1199.00,2024-07-06
923,948,16,17,NULL,1,51499.00,2024-01-23
924,321,8,22,NULL,2,3995.00,2024-10-07
925,859,15,18,NULL,2,110000.00,2024-05-03
926,980,17,24,NULL,3,8750.00,2024-11-06
927,738,8,16,NULL,2,34999.00,2024-12-10
928,45,12,15,NULL,2,21499.00,2024-04-21
929,289,3,30,NULL,4,3850.00,2024-05-16
930,975,1,7,NULL,3,1850.00,2024-10-02
931,165,24,14,NULL,3,2184.00,2024-10-19
932,493,13,7,1,6,1480.00,2024-03-13
933,20,13,24,NULL,5,8750.00,2024-05-07
934,854,8,4,NULL,9,450.00,2024-06-05
935,187,6,28,NULL,1,4750.00,2024-08-22
936,975,8,30,NULL,1,3850.00,2024-09-01
937,694,2,8,NULL,3,100.00,2024-10-04
938,914,21,22,NULL,5,3995.00,2024-02-13
939,555,20,19,NULL,3,132999.00,2024-11-18
940,275,11,13,1,1,1475.20,2024-03-30
941,820,4,15,NULL,3,21499.00,2024-05-11
942,320,14,34,NULL,1,899.50,2024-07-08
943,804,20,25,NULL,3,10000.00,2024-08-28
944,242,22,27,NULL,4,5900.00,2024-09-23
945,901,16,23,NULL,4,7000.00,2024-11-15
946,699,13,17,NULL,2,51499.00,2024-07-30
947,439,8,6,NULL,8,2862.50,2024-11-03
948,326,8,25,NULL,5,10000.00,2024-02-21
949,822,14,14,NULL,1,2184.00,2024-01-06
950,220,23,2,NULL,9,310.00,2024-05-21
951,887,1,15,NULL,3,21499.00,2024-10-25
952,445,7,5,NULL,1,585.00,2024-09-02
953,147,16,30,NULL,5,3850.00,2024-10-28
954,908,22,34,NULL,4,899.50,2024-06-14
955,387,17,11,NULL,3,899.00,2024-04-24
956,753,14,20,NULL,2,363599.00,2024-10-09
957,732,11,39,NULL,4,3250.00,2024-07-05
958,778,22,9,NULL,9,250.00,2024-04-14
959,282,23,31,NULL,1,694.00,2024-02-01
960,327,7,17,1,1,41199.20,2024-04-07
961,555,14,6,NULL,5,2862.50,2024-12-21
962,427,18,15,NULL,1,21499.00,2024-08-20
963,531,10,15,NULL,3,21499.00,2024-08-10
964,32,6,6,NULL,4,2862.50,2024-12-14
965,855,6,27,NULL,1,5900.00,2024-08-13
966,502,8,39,NULL,5,3250.00,2024-12-17
967,604,8,33,NULL,1,1349.50,2024-02-04
968,887,8,40,NULL,4,1400.00,2024-11-30
969,435,7,1,1,4,272.00,2024-04-10
970,848,6,26,NULL,3,11750.00,2024-06-30
971,265,17,24,NULL,4,8750.00,2024-11-17
972,590,1,13,NULL,2,1844.00,2024-07-09
973,758,20,29,NULL,3,14750.00,2024-02-17
974,318,24,35,NULL,4,1150.00,2024-06-10
975,693,16,9,NULL,6,250.00,2024-01-13
976,769,3,12,NULL,2,1199.00,2024-01-14
977,633,3,28,NULL,2,4750.00,2024-02-02
978,637,1,12,NULL,3,1199.00,2024-05-04
979,89,24,26,1,1,9400.00,2024-03-17
980,141,6,32,1,5,240.00,2024-03-28
981,363,9,30,NULL,5,3850.00,2024-08-11
982,311,2,17,NULL,1,51499.00,2024-11-06
983,476,9,17,NULL,2,51499.00,2024-12-09
984,549,8,39,NULL,2,3250.00,2024-10-29
985,824,9,9,NULL,6,250.00,2024-01-09
986,440,17,6,NULL,7,2862.50,2024-08-13
987,485,11,27,NULL,1,5900.00,2024-01-05
988,440,22,10,NULL,7,300.00,2024-06-25
989,972,20,4,NULL,2,450.00,2024-02-02
990,466,22,2,NULL,6,310.00,2024-07-09
991,937,5,4,NULL,3,450.00,2024-11-28
992,653,11,9,NULL,3,250.00,2024-10-14
993,995,4,34,NULL,5,899.50,2024-09-05
994,427,11,40,NULL,1,1400.00,2024-08-11
995,526,10,20,NULL,2,363599.00,2024-03-01
996,417,23,18,NULL,2,110000.00,2024-05-07
997,192,15,21,NULL,5,2500.00,2024-09-10
998,591,4,40,NULL,3,1400.00,2024-06-26
999,851,21,32,NULL,2,300.00,2024-05-05
1000,711,13,17,NULL,2,51499.00,2024-07-19
